name,mass,diameter,x_position,y_position,z_position,x_velocity,y_velocity,z_velocity
Sun,2e6,1, 0, 0, 0, 0, 0, 0
Rocket, 10, 1, 200, 0, 0, 40, 0, 0
figure_eight_1,1,1,0.97000436,-0.24308753,0,0.466203685,0.43236573,0
figure_eight_2,1,1,-0.97000436,0.24308753,0,0.466203685,0.43236573,0
figure_eight_3,1,1,0,0,0,-0.93240737,-0.86473146,0
