name,mass,diameter,x_position,y_position,z_position,x_velocity,y_velocity,z_velocity
Sun,2e6,1.4e6, 0, 0, 0, 0, 0, 0
rogue_planet, 2e4, 1e4, 400, 10, 0, -20, 10, 0
figure_eight_1,1,0.0001,0.97000436,-0.24308753,0,0.466203685,0.43236573,0
figure_eight_2,1,0.0001,-0.97000436,0.24308753,0,0.466203685,0.43236573,0
figure_eight_3,1,0.0001,0,0,0,-0.93240737,-0.86473146,0
figure_eight_4,1,0.0001,0,0,0.5,0,0,0
